<?xml version="1.0" encoding="utf-8"?>
<!--/3580313/1165364/2.50/2/2/Varistor/-->
<quadcept_library>
  <setting unit="mil" />
  <textstyle name="Default" height="47.244094488189" strokewidth="7.8740157480315" charwidth="47.244094488189" />
  <textstyle name="Dimension" height="19.6850393700787" strokewidth="0" charwidth="19.6850393700787" />
  <textstyle name="H127W0635TH00762" height="50" strokewidth="3" charwidth="25" />
  <textstyle name="H15W15TH02" height="59.0551181102362" strokewidth="7.8740157480315" charwidth="59.0551181102362" />
  <padstyle name="s150_h100" surface="False" plated="True" isvia="False" nopaste="True" nomask="True" complex="False" holesize="39.370078740157">
    <padshape layer="TOP" shape="square" width="59.055118110235" height="59.055118110235" />
    <padshape layer="TOP_SOLDER_MASK" shape="square" width="66.929133858267" height="66.929133858267" />
    <padshape layer="INNER" shape="square" width="59.055118110235" height="59.055118110235" />
    <padshape layer="BOTTOM" shape="square" width="59.055118110235" height="59.055118110235" />
    <padshape layer="BOTTOM_SOLDER_MASK" shape="square" width="66.929133858267" height="66.929133858267" />
  </padstyle>
  <padstyle name="c150_h100" surface="False" plated="True" isvia="False" nopaste="True" nomask="True" complex="False" holesize="39.370078740157">
    <padshape layer="TOP" shape="round" width="59.055118110235" height="59.055118110235" />
    <padshape layer="TOP_SOLDER_MASK" shape="round" width="66.929133858267" height="66.929133858267" />
    <padshape layer="INNER" shape="round" width="59.055118110235" height="59.055118110235" />
    <padshape layer="BOTTOM" shape="round" width="59.055118110235" height="59.055118110235" />
    <padshape layer="BOTTOM_SOLDER_MASK" shape="round" width="66.929133858267" height="66.929133858267" />
  </padstyle>
  <footprint name="B72210S1140K501" originx="0" originy="0" pickpointx="0" pickpointy="0">
    <pcbpin number="1" name="1" style="s150_h100" originx="0" originy="0" rotation="90" />
    <pcbpin number="2" name="2" style="c150_h100" originx="295.27559055118" originy="-59.055118110235" rotation="90" />
    <line layer="TOP_PLACE_BOUND" originx="-127.95275590551" originy="-147.63779527559" endx="423.22834645669" endy="-147.63779527559" width="3.9370078740157" />
    <line layer="TOP_PLACE_BOUND" originx="423.22834645669" originy="-147.63779527559" endx="423.22834645669" endy="88.582677165353" width="3.9370078740157" />
    <line layer="TOP_PLACE_BOUND" originx="423.22834645669" originy="88.582677165353" endx="-127.95275590551" endy="88.582677165353" width="3.9370078740157" />
    <line layer="TOP_PLACE_BOUND" originx="-127.95275590551" originy="88.582677165353" endx="-127.95275590551" endy="-147.63779527559" width="3.9370078740157" />
    <line layer="TOP_ASSEMBLY" originx="-9.8425196850392" originy="-108.26771653543" endx="-9.8425196850392" endy="-108.26771653543" width="3.9370078740157" />
    <arc layer="TOP_ASSEMBLY" originx="-167.32283464567" originy="-29.527559055118" startangle="-90.0" sweepangle="-180.0" radius="-78.740157480314" width="3.9370078740157" />
    <line layer="TOP_ASSEMBLY" originx="-9.8425196850392" originy="49.212598425196" endx="305.11811023622" endy="49.212598425196" width="3.9370078740157" />
    <line layer="TOP_ASSEMBLY" originx="305.11811023622" originy="49.212598425196" endx="305.11811023622" endy="49.212598425196" width="3.9370078740157" />
    <arc layer="TOP_ASSEMBLY" originx="147.63779527559" originy="-29.527559055118" startangle="90.0" sweepangle="-180.0" radius="-78.740157480314" width="3.9370078740157" />
    <line layer="TOP_ASSEMBLY" originx="305.11811023622" originy="-108.26771653543" endx="-9.8425196850392" endy="-108.26771653543" width="3.9370078740157" />
    <line layer="TOP_SILKSCREEN" originx="-9.8425196850392" originy="-108.26771653543" endx="-9.8425196850392" endy="-108.26771653543" width="7.8740157480314" />
    <arc layer="TOP_SILKSCREEN" originx="-167.32283464567" originy="-29.527559055118" startangle="-90.0" sweepangle="-180.0" radius="-78.740157480314" width="7.8740157480314" />
    <line layer="TOP_SILKSCREEN" originx="-9.8425196850392" originy="49.212598425196" endx="305.11811023622" endy="49.212598425196" width="7.8740157480314" />
    <line layer="TOP_SILKSCREEN" originx="305.11811023622" originy="49.212598425196" endx="305.11811023622" endy="49.212598425196" width="7.8740157480314" />
    <arc layer="TOP_SILKSCREEN" originx="147.63779527559" originy="-29.527559055118" startangle="90.0" sweepangle="-180.0" radius="-78.740157480314" width="7.8740157480314" />
    <line layer="TOP_SILKSCREEN" originx="305.11811023622" originy="-108.26771653543" endx="-9.8425196850392" endy="-108.26771653543" width="7.8740157480314" />
    <line layer="TOP_SILKSCREEN" originx="-114.17322834646" originy="0" endx="-114.17322834646" endy="0" width="7.8740157480314" />
    <arc layer="TOP_SILKSCREEN" originx="-116.14173228346" originy="0" startangle="180.0" sweepangle="180.0" radius="-1.9685039370079" width="7.8740157480314" />
    <line layer="TOP_SILKSCREEN" originx="-110.23622047244" originy="0" endx="-110.23622047244" endy="0" width="7.8740157480314" />
    <arc layer="TOP_SILKSCREEN" originx="-116.14173228346" originy="0" startangle=".0" sweepangle="180.0" radius="-1.9685039370079" width="7.8740157480314" />
    <line layer="TOP_SILKSCREEN" originx="-114.17322834646" originy="0" endx="-114.17322834646" endy="0" width="7.8740157480314" />
    <arc layer="TOP_SILKSCREEN" originx="-116.14173228346" originy="0" startangle="180.0" sweepangle="180.0" radius="-1.9685039370079" width="7.8740157480314" />
  </footprint>
  <symbol name="B72210S1140K501" originx="0" originy="0">
    <line originx="200" originy="50" endx="500" endy="50" width="0" />
    <line originx="500" originy="-50" endx="500" endy="50" width="0" />
    <line originx="500" originy="-50" endx="200" endy="-50" width="0" />
    <line originx="200" originy="50" endx="200" endy="-50" width="0" />
    <line originx="150" originy="-100" endx="250" endy="-100" width="0" />
    <line originx="450" originy="100" endx="250" endy="-100" width="0" />
    <line originx="450" originy="100" endx="550" endy="100" width="0" />
    <sympin number="1" originx="200" originy="0" rotation="180" length="100" width="7.8740157480315" flipped="False">
      <text name="pinname" originx="0" originy="-10" style="Default" rotation="0" justify="upperleft" flipped="False" hidden="True" data="1" />
      <text name="pindes" originx="0" originy="10" style="Default" rotation="0" justify="lowerleft" flipped="False" hidden="False" data="1" />
    </sympin>
    <sympin number="2" originx="500" originy="0" rotation="0" length="100" width="7.8740157480315" flipped="False">
      <text name="pinname" originx="700" originy="-10" style="Default" rotation="0" justify="upperright" flipped="False" hidden="True" data="2" />
      <text name="pindes" originx="700" originy="10" style="Default" rotation="0" justify="lowerright" flipped="False" hidden="False" data="2" />
    </sympin>
  </symbol>
  <component name="B72210S1140K501" designatorprefix="RV" height="629.92125984251" footprint="B72210S1140K501">
    <comppin designator="1" sympin="1" pinswap="0" gateswap="0" gate="1" group="1" side="" type="Any" name="1" />
    <comppin designator="2" sympin="2" pinswap="0" gateswap="0" gate="1" group="1" side="" type="Any" name="2" />
    <attached_symbol gate="1" name="B72210S1140K501" />
    <pinmap designator="1" footprintpin="1" />
    <pinmap designator="2" footprintpin="2" />
    <text name="Datasheet" originx="0" originy="0" style="Default" rotation="0" justify="" flipped="False" hidden="True" data="https://product.tdk.com/system/files/dam/doc/product/protection/voltage/lead-disk-varistor/data_sheet/70/db/var/siov_leaded_automotive.pdf" />
    <text name="Description" originx="0" originy="0" style="Default" rotation="0" justify="" flipped="False" hidden="True" data="Leaded Disk Varistors, Max. Operating Voltage [AC]=14Vrms, Max. Surge Current Imax(8/20us,1time)=500A" />
    <text name="Manufacturer_Name" originx="0" originy="0" style="Default" rotation="0" justify="" flipped="False" hidden="True" data="TDK" />
    <text name="Manufacturer_Part_Number" originx="550" originy="150" style="Default" rotation="0" justify="left" flipped="False" hidden="False" data="B72210S1140K501" />
    <text name="Mouser Part Number" originx="0" originy="0" style="Default" rotation="0" justify="" flipped="False" hidden="True" data="871-B72210S1140K501" />
    <text name="Mouser Price/Stock" originx="0" originy="0" style="Default" rotation="0" justify="" flipped="False" hidden="True" data="https://www.mouser.co.uk/ProductDetail/EPCOS-TDK/B72210S1140K501?qs=xN3cbABbNRaMbCGJ4Q1vYA%3D%3D" />
    <text name="Arrow Part Number" originx="0" originy="0" style="Default" rotation="0" justify="" flipped="False" hidden="True" data="B72210S1140K501" />
    <text name="Arrow Price/Stock" originx="0" originy="0" style="Default" rotation="0" justify="" flipped="False" hidden="True" data="https://www.arrow.com/en/products/b72210s1140k501/epcos-tdk" />
  </component>
</quadcept_library>
