<?xml version="1.0" encoding="utf-8"?>
<!--/588467/1165364/2.50/3/0/Integrated Circuit/-->
<quadcept_library>
  <setting unit="mil" />
  <textstyle name="Default" height="47.244094488189" strokewidth="7.8740157480315" charwidth="47.244094488189" />
  <textstyle name="Dimension" height="19.6850393700787" strokewidth="0" charwidth="19.6850393700787" />
  <textstyle name="H127W0635TH00762" height="50" strokewidth="3" charwidth="25" />
  <textstyle name="H15W15TH02" height="59.0551181102362" strokewidth="7.8740157480315" charwidth="59.0551181102362" />
  <padstyle name="s190.5_h127" surface="False" plated="True" isvia="False" nopaste="True" nomask="True" complex="False" holesize="49.999999999999">
    <padshape layer="TOP" shape="square" width="74.999999999999" height="74.999999999999" />
    <padshape layer="TOP_SOLDER_MASK" shape="square" width="82.87401574803" height="82.87401574803" />
    <padshape layer="INNER" shape="round" width="74.999999999999" height="74.999999999999" />
    <padshape layer="BOTTOM" shape="square" width="74.999999999999" height="74.999999999999" />
    <padshape layer="BOTTOM_SOLDER_MASK" shape="square" width="82.87401574803" height="82.87401574803" />
  </padstyle>
  <padstyle name="c190.5_h127" surface="False" plated="True" isvia="False" nopaste="True" nomask="True" complex="False" holesize="49.999999999999">
    <padshape layer="TOP" shape="round" width="74.999999999999" height="74.999999999999" />
    <padshape layer="TOP_SOLDER_MASK" shape="round" width="82.87401574803" height="82.87401574803" />
    <padshape layer="INNER" shape="round" width="74.999999999999" height="74.999999999999" />
    <padshape layer="BOTTOM" shape="round" width="74.999999999999" height="74.999999999999" />
    <padshape layer="BOTTOM_SOLDER_MASK" shape="round" width="82.87401574803" height="82.87401574803" />
  </padstyle>
  <footprint name="TO254P470X1016X2222-3P" originx="0" originy="0" pickpointx="0" pickpointy="0">
    <pcbpin number="1" name="1" style="s190.5_h127" originx="-200" originy="-40" rotation="90" />
    <pcbpin number="2" name="2" style="c190.5_h127" originx="-99.999999999999" originy="-40" rotation="90" />
    <pcbpin number="3" name="3" style="c190.5_h127" originx="0" originy="-40" rotation="90" />
    <line layer="TOP_SILKSCREEN" originx="-308" originy="-112" endx="108" endy="-112" width="5.9999999999999" />
    <line layer="TOP_SILKSCREEN" originx="108" originy="-112" endx="108" endy="71.999999999999" width="5.9999999999999" />
    <line layer="TOP_SILKSCREEN" originx="108" originy="71.999999999999" endx="-308" endy="71.999999999999" width="5.9999999999999" />
    <line layer="TOP_SILKSCREEN" originx="-308" originy="71.999999999999" endx="-308" endy="-112" width="5.9999999999999" />
    <line layer="TOP_ASSEMBLY" originx="-308" originy="-112" endx="108" endy="-112" width="5.9999999999999" />
    <line layer="TOP_ASSEMBLY" originx="108" originy="-112" endx="108" endy="71.999999999999" width="5.9999999999999" />
    <line layer="TOP_ASSEMBLY" originx="108" originy="71.999999999999" endx="-308" endy="71.999999999999" width="5.9999999999999" />
    <line layer="TOP_ASSEMBLY" originx="-308" originy="71.999999999999" endx="-308" endy="-112" width="5.9999999999999" />
  </footprint>
  <symbol name="LM1117T-3.3" originx="0" originy="0">
    <line originx="200" originy="100" endx="900" endy="100" width="0" />
    <line originx="900" originy="-300" endx="900" endy="100" width="0" />
    <line originx="900" originy="-300" endx="200" endy="-300" width="0" />
    <line originx="200" originy="100" endx="200" endy="-300" width="0" />
    <sympin number="1" originx="200" originy="0" rotation="180" length="100" width="7.8740157480315" flipped="False">
      <text name="pinname" originx="230" originy="0" style="Default" rotation="0" justify="left" flipped="False" hidden="False" data="ADJ/GND" />
      <text name="pindes" originx="140" originy="20" style="Default" rotation="0" justify="lowerright" flipped="False" hidden="False" data="1" />
    </sympin>
    <sympin number="2" originx="200" originy="-100" rotation="180" length="100" width="7.8740157480315" flipped="False">
      <text name="pinname" originx="230" originy="-100" style="Default" rotation="0" justify="left" flipped="False" hidden="False" data="OUT" />
      <text name="pindes" originx="140" originy="-80" style="Default" rotation="0" justify="lowerright" flipped="False" hidden="False" data="2" />
    </sympin>
    <sympin number="3" originx="200" originy="-200" rotation="180" length="100" width="7.8740157480315" flipped="False">
      <text name="pinname" originx="230" originy="-200" style="Default" rotation="0" justify="left" flipped="False" hidden="False" data="IN" />
      <text name="pindes" originx="140" originy="-180" style="Default" rotation="0" justify="lowerright" flipped="False" hidden="False" data="3" />
    </sympin>
  </symbol>
  <component name="LM1117T-3.3" designatorprefix="IC" height="0" footprint="TO254P470X1016X2222-3P">
    <comppin designator="1" sympin="1" pinswap="0" gateswap="0" gate="1" group="1" side="" type="Any" name="ADJ/GND" />
    <comppin designator="2" sympin="2" pinswap="0" gateswap="0" gate="1" group="1" side="" type="Any" name="OUT" />
    <comppin designator="3" sympin="3" pinswap="0" gateswap="0" gate="1" group="1" side="" type="Any" name="IN" />
    <attached_symbol gate="1" name="LM1117T-3.3" />
    <pinmap designator="1" footprintpin="1" />
    <pinmap designator="2" footprintpin="2" />
    <pinmap designator="3" footprintpin="3" />
    <text name="Datasheet" originx="0" originy="0" style="Default" rotation="0" justify="" flipped="False" hidden="True" data="" />
    <text name="Description" originx="0" originy="0" style="Default" rotation="0" justify="" flipped="False" hidden="True" data="IC, LDO VOLT REG, 3.3V, 0.8A" />
    <text name="Manufacturer_Name" originx="0" originy="0" style="Default" rotation="0" justify="" flipped="False" hidden="True" data="Texas Instruments" />
    <text name="Manufacturer_Part_Number" originx="950" originy="200" style="Default" rotation="0" justify="left" flipped="False" hidden="False" data="LM1117T-3.3" />
    <text name="Mouser Part Number" originx="0" originy="0" style="Default" rotation="0" justify="" flipped="False" hidden="True" data="926-LM1117T-33" />
    <text name="Mouser Price/Stock" originx="0" originy="0" style="Default" rotation="0" justify="" flipped="False" hidden="True" data="https://www.mouser.co.uk/ProductDetail/Texas-Instruments/LM1117T-33?qs=X1J7HmVL2ZH3OLKrAL3taQ%3D%3D" />
    <text name="Arrow Part Number" originx="0" originy="0" style="Default" rotation="0" justify="" flipped="False" hidden="True" data="" />
    <text name="Arrow Price/Stock" originx="0" originy="0" style="Default" rotation="0" justify="" flipped="False" hidden="True" data="" />
  </component>
</quadcept_library>
