<?xml version="1.0" encoding="utf-8"?>
<!--/16727530/1165364/2.50/4/3/Power Supply/-->
<quadcept_library>
  <setting unit="mil" />
  <textstyle name="Default" height="47.244094488189" strokewidth="7.8740157480315" charwidth="47.244094488189" />
  <textstyle name="Dimension" height="19.6850393700787" strokewidth="0" charwidth="19.6850393700787" />
  <textstyle name="H127W0635TH00762" height="50" strokewidth="3" charwidth="25" />
  <textstyle name="H15W15TH02" height="59.0551181102362" strokewidth="7.8740157480315" charwidth="59.0551181102362" />
  <padstyle name="c150_h100" surface="False" plated="True" isvia="False" nopaste="True" nomask="True" complex="False" holesize="39.370078740157">
    <padshape layer="TOP" shape="round" width="59.055118110235" height="59.055118110235" />
    <padshape layer="TOP_SOLDER_MASK" shape="round" width="66.929133858267" height="66.929133858267" />
    <padshape layer="INNER" shape="round" width="59.055118110235" height="59.055118110235" />
    <padshape layer="BOTTOM" shape="round" width="59.055118110235" height="59.055118110235" />
    <padshape layer="BOTTOM_SOLDER_MASK" shape="round" width="66.929133858267" height="66.929133858267" />
  </padstyle>
  <padstyle name="s150_h100" surface="False" plated="True" isvia="False" nopaste="True" nomask="True" complex="False" holesize="39.370078740157">
    <padshape layer="TOP" shape="square" width="59.055118110235" height="59.055118110235" />
    <padshape layer="TOP_SOLDER_MASK" shape="square" width="66.929133858267" height="66.929133858267" />
    <padshape layer="INNER" shape="square" width="59.055118110235" height="59.055118110235" />
    <padshape layer="BOTTOM" shape="square" width="59.055118110235" height="59.055118110235" />
    <padshape layer="BOTTOM_SOLDER_MASK" shape="square" width="66.929133858267" height="66.929133858267" />
  </padstyle>
  <footprint name="HLKPM12" originx="0" originy="0" pickpointx="0" pickpointy="0">
    <pcbpin number="1" name="1" style="s150_h100" originx="0" originy="0" rotation="90" />
    <pcbpin number="2" name="2" style="c150_h100" originx="0" originy="-196.85039370078" rotation="90" />
    <pcbpin number="3" name="3" style="c150_h100" originx="1157.4803149606" originy="204.72440944882" rotation="90" />
    <pcbpin number="4" name="4" style="c150_h100" originx="1157.4803149606" originy="-401.5748031496" rotation="90" />
    <line layer="TOP_ASSEMBLY" originx="-90.551181102361" originy="-492.12598425196" endx="1248.031496063" endy="-492.12598425196" width="3.9370078740157" />
    <line layer="TOP_ASSEMBLY" originx="1248.031496063" originy="-492.12598425196" endx="1248.031496063" endy="295.27559055118" width="3.9370078740157" />
    <line layer="TOP_ASSEMBLY" originx="1248.031496063" originy="295.27559055118" endx="-90.551181102361" endy="295.27559055118" width="3.9370078740157" />
    <line layer="TOP_ASSEMBLY" originx="-90.551181102361" originy="295.27559055118" endx="-90.551181102361" endy="-492.12598425196" width="3.9370078740157" />
    <line layer="TOP_PLACE_BOUND" originx="-129.92125984252" originy="334.64566929133" endx="1287.4015748031" endy="334.64566929133" width="3.9370078740157" />
    <line layer="TOP_PLACE_BOUND" originx="1287.4015748031" originy="334.64566929133" endx="1287.4015748031" endy="-531.49606299212" width="3.9370078740157" />
    <line layer="TOP_PLACE_BOUND" originx="1287.4015748031" originy="-531.49606299212" endx="-129.92125984252" endy="-531.49606299212" width="3.9370078740157" />
    <line layer="TOP_PLACE_BOUND" originx="-129.92125984252" originy="-531.49606299212" endx="-129.92125984252" endy="334.64566929133" width="3.9370078740157" />
    <line layer="TOP_SILKSCREEN" originx="-90.551181102361" originy="295.27559055118" endx="1248.031496063" endy="295.27559055118" width="7.8740157480314" />
    <line layer="TOP_SILKSCREEN" originx="1248.031496063" originy="295.27559055118" endx="1248.031496063" endy="-492.12598425196" width="7.8740157480314" />
    <line layer="TOP_SILKSCREEN" originx="1248.031496063" originy="-492.12598425196" endx="-90.551181102361" endy="-492.12598425196" width="7.8740157480314" />
    <line layer="TOP_SILKSCREEN" originx="-90.551181102361" originy="-492.12598425196" endx="-90.551181102361" endy="295.27559055118" width="7.8740157480314" />
    <line layer="TOP_SILKSCREEN" originx="-114.17322834646" originy="0" endx="-114.17322834646" endy="0" width="7.8740157480314" />
    <arc layer="TOP_SILKSCREEN" originx="-112.20472440945" originy="0" startangle="180.0" sweepangle="180.0" radius="1.9685039370079" width="7.8740157480314" />
    <line layer="TOP_SILKSCREEN" originx="-110.23622047244" originy="0" endx="-110.23622047244" endy="0" width="7.8740157480314" />
    <arc layer="TOP_SILKSCREEN" originx="-112.20472440945" originy="0" startangle=".0" sweepangle="180.0" radius="1.9685039370079" width="7.8740157480314" />
    <line layer="TOP_SILKSCREEN" originx="-114.17322834646" originy="0" endx="-114.17322834646" endy="0" width="7.8740157480314" />
    <arc layer="TOP_SILKSCREEN" originx="-112.20472440945" originy="0" startangle="180.0" sweepangle="180.0" radius="1.9685039370079" width="7.8740157480314" />
  </footprint>
  <symbol name="HLK-PM12" originx="0" originy="0">
    <line originx="200" originy="100" endx="900" endy="100" width="0" />
    <line originx="900" originy="-200" endx="900" endy="100" width="0" />
    <line originx="900" originy="-200" endx="200" endy="-200" width="0" />
    <line originx="200" originy="100" endx="200" endy="-200" width="0" />
    <sympin number="1" originx="200" originy="0" rotation="180" length="100" width="7.8740157480315" flipped="False">
      <text name="pinname" originx="230" originy="0" style="Default" rotation="0" justify="left" flipped="False" hidden="False" data="AC_1" />
      <text name="pindes" originx="140" originy="20" style="Default" rotation="0" justify="lowerright" flipped="False" hidden="False" data="1" />
    </sympin>
    <sympin number="2" originx="200" originy="-100" rotation="180" length="100" width="7.8740157480315" flipped="False">
      <text name="pinname" originx="230" originy="-100" style="Default" rotation="0" justify="left" flipped="False" hidden="False" data="AC_2" />
      <text name="pindes" originx="140" originy="-80" style="Default" rotation="0" justify="lowerright" flipped="False" hidden="False" data="2" />
    </sympin>
    <sympin number="3" originx="900" originy="0" rotation="0" length="100" width="7.8740157480315" flipped="False">
      <text name="pinname" originx="870" originy="0" style="Default" rotation="0" justify="right" flipped="False" hidden="False" data="-V0" />
      <text name="pindes" originx="960" originy="20" style="Default" rotation="0" justify="lowerleft" flipped="False" hidden="False" data="3" />
    </sympin>
    <sympin number="4" originx="900" originy="-100" rotation="0" length="100" width="7.8740157480315" flipped="False">
      <text name="pinname" originx="870" originy="-100" style="Default" rotation="0" justify="right" flipped="False" hidden="False" data="+V0" />
      <text name="pindes" originx="960" originy="-80" style="Default" rotation="0" justify="lowerleft" flipped="False" hidden="False" data="4" />
    </sympin>
  </symbol>
  <component name="HLK-PM12" designatorprefix="PS" height="590.55118110236" footprint="HLKPM12">
    <comppin designator="1" sympin="1" pinswap="0" gateswap="0" gate="1" group="1" side="" type="Any" name="AC_1" />
    <comppin designator="2" sympin="2" pinswap="0" gateswap="0" gate="1" group="1" side="" type="Any" name="AC_2" />
    <comppin designator="3" sympin="3" pinswap="0" gateswap="0" gate="1" group="1" side="" type="Any" name="-V0" />
    <comppin designator="4" sympin="4" pinswap="0" gateswap="0" gate="1" group="1" side="" type="Any" name="+V0" />
    <attached_symbol gate="1" name="HLK-PM12" />
    <pinmap designator="1" footprintpin="1" />
    <pinmap designator="2" footprintpin="2" />
    <pinmap designator="3" footprintpin="3" />
    <pinmap designator="4" footprintpin="4" />
    <text name="Datasheet" originx="0" originy="0" style="Default" rotation="0" justify="" flipped="False" hidden="True" data="https://static.chipdip.ru/lib/919/DOC012919592.pdf" />
    <text name="Description" originx="0" originy="0" style="Default" rotation="0" justify="" flipped="False" hidden="True" data="3WUltra-small PowerModule" />
    <text name="Manufacturer_Name" originx="0" originy="0" style="Default" rotation="0" justify="" flipped="False" hidden="True" data="Hi-Link" />
    <text name="Manufacturer_Part_Number" originx="950" originy="200" style="Default" rotation="0" justify="left" flipped="False" hidden="False" data="HLK-PM12" />
    <text name="Mouser Part Number" originx="0" originy="0" style="Default" rotation="0" justify="" flipped="False" hidden="True" data="" />
    <text name="Mouser Price/Stock" originx="0" originy="0" style="Default" rotation="0" justify="" flipped="False" hidden="True" data="" />
    <text name="Arrow Part Number" originx="0" originy="0" style="Default" rotation="0" justify="" flipped="False" hidden="True" data="" />
    <text name="Arrow Price/Stock" originx="0" originy="0" style="Default" rotation="0" justify="" flipped="False" hidden="True" data="" />
  </component>
</quadcept_library>
