<?xml version="1.0" encoding="utf-8"?>
<!--/4675584/1165364/2.50/4/3/Phototransistor/-->
<quadcept_library>
  <setting unit="mil" />
  <textstyle name="Default" height="47.244094488189" strokewidth="7.8740157480315" charwidth="47.244094488189" />
  <textstyle name="Dimension" height="19.6850393700787" strokewidth="0" charwidth="19.6850393700787" />
  <textstyle name="H127W0635TH00762" height="50" strokewidth="3" charwidth="25" />
  <textstyle name="H15W15TH02" height="59.0551181102362" strokewidth="7.8740157480315" charwidth="59.0551181102362" />
  <padstyle name="r177.5_65" surface="True" plated="False" isvia="False" nopaste="False" nomask="True" complex="False" holesize="0">
    <padshape layer="TOP" shape="rectangle" width="25.590551181102" height="69.881889763779" />
    <padshape layer="TOP_SOLDER_MASK" shape="rectangle" width="33.464566929133" height="77.75590551181" />
    <padshape layer="TOP_SOLDER_PASTE" shape="rectangle" width="25.590551181102" height="69.881889763779" />
  </padstyle>
  <footprint name="SOP254P675X240-4N" originx="0" originy="0" pickpointx="0" pickpointy="0">
    <pcbpin number="1" name="1" style="r177.5_65" originx="-121.5748031496" originy="49.999999999999" rotation="90" />
    <pcbpin number="2" name="2" style="r177.5_65" originx="-121.5748031496" originy="-49.999999999999" rotation="90" />
    <pcbpin number="3" name="3" style="r177.5_65" originx="121.5748031496" originy="-49.999999999999" rotation="90" />
    <pcbpin number="4" name="4" style="r177.5_65" originx="121.5748031496" originy="49.999999999999" rotation="90" />
    <line layer="TOP_PLACE_BOUND" originx="-166.33858267716" originy="91.535433070865" endx="166.33858267716" endy="91.535433070865" width="1.9685039370079" />
    <line layer="TOP_PLACE_BOUND" originx="166.33858267716" originy="91.535433070865" endx="166.33858267716" endy="-91.535433070865" width="1.9685039370079" />
    <line layer="TOP_PLACE_BOUND" originx="166.33858267716" originy="-91.535433070865" endx="-166.33858267716" endy="-91.535433070865" width="1.9685039370079" />
    <line layer="TOP_PLACE_BOUND" originx="-166.33858267716" originy="-91.535433070865" endx="-166.33858267716" endy="91.535433070865" width="1.9685039370079" />
    <line layer="TOP_ASSEMBLY" originx="-86.614173228345" originy="75.787401574802" endx="86.614173228345" endy="75.787401574802" width="3.9370078740157" />
    <line layer="TOP_ASSEMBLY" originx="86.614173228345" originy="75.787401574802" endx="86.614173228345" endy="-75.787401574802" width="3.9370078740157" />
    <line layer="TOP_ASSEMBLY" originx="86.614173228345" originy="-75.787401574802" endx="-86.614173228345" endy="-75.787401574802" width="3.9370078740157" />
    <line layer="TOP_ASSEMBLY" originx="-86.614173228345" originy="-75.787401574802" endx="-86.614173228345" endy="75.787401574802" width="3.9370078740157" />
    <line layer="TOP_ASSEMBLY" originx="-86.614173228345" originy="-24.212598425197" endx="13.385826771653" endy="75.787401574802" width="3.9370078740157" />
    <line layer="TOP_SILKSCREEN" originx="-72.83464566929" originy="75.787401574802" endx="72.83464566929" endy="75.787401574802" width="7.8740157480314" />
    <line layer="TOP_SILKSCREEN" originx="72.83464566929" originy="75.787401574802" endx="72.83464566929" endy="-75.787401574802" width="7.8740157480314" />
    <line layer="TOP_SILKSCREEN" originx="72.83464566929" originy="-75.787401574802" endx="-72.83464566929" endy="-75.787401574802" width="7.8740157480314" />
    <line layer="TOP_SILKSCREEN" originx="-72.83464566929" originy="-75.787401574802" endx="-72.83464566929" endy="75.787401574802" width="7.8740157480314" />
    <line layer="TOP_SILKSCREEN" originx="-156.49606299212" originy="76.574803149605" endx="-86.614173228345" endy="76.574803149605" width="7.8740157480314" />
  </footprint>
  <symbol name="FODM2705" originx="0" originy="0">
    <line originx="200" originy="100" endx="1300" endy="100" width="0" />
    <line originx="1300" originy="-200" endx="1300" endy="100" width="0" />
    <line originx="1300" originy="-200" endx="200" endy="-200" width="0" />
    <line originx="200" originy="100" endx="200" endy="-200" width="0" />
    <sympin number="1" originx="200" originy="0" rotation="180" length="100" width="7.8740157480315" flipped="False">
      <text name="pinname" originx="230" originy="0" style="Default" rotation="0" justify="left" flipped="False" hidden="False" data="ANODE" />
      <text name="pindes" originx="140" originy="20" style="Default" rotation="0" justify="lowerright" flipped="False" hidden="False" data="1" />
    </sympin>
    <sympin number="2" originx="200" originy="-100" rotation="180" length="100" width="7.8740157480315" flipped="False">
      <text name="pinname" originx="230" originy="-100" style="Default" rotation="0" justify="left" flipped="False" hidden="False" data="CATHODE" />
      <text name="pindes" originx="140" originy="-80" style="Default" rotation="0" justify="lowerright" flipped="False" hidden="False" data="2" />
    </sympin>
    <sympin number="4" originx="1300" originy="0" rotation="0" length="100" width="7.8740157480315" flipped="False">
      <text name="pinname" originx="1270" originy="0" style="Default" rotation="0" justify="right" flipped="False" hidden="False" data="COLLECTOR" />
      <text name="pindes" originx="1360" originy="20" style="Default" rotation="0" justify="lowerleft" flipped="False" hidden="False" data="4" />
    </sympin>
    <sympin number="3" originx="1300" originy="-100" rotation="0" length="100" width="7.8740157480315" flipped="False">
      <text name="pinname" originx="1270" originy="-100" style="Default" rotation="0" justify="right" flipped="False" hidden="False" data="EMITTER" />
      <text name="pindes" originx="1360" originy="-80" style="Default" rotation="0" justify="lowerleft" flipped="False" hidden="False" data="3" />
    </sympin>
  </symbol>
  <component name="FODM2705" designatorprefix="Q" height="94.488188976377" footprint="SOP254P675X240-4N">
    <comppin designator="1" sympin="1" pinswap="0" gateswap="0" gate="1" group="1" side="" type="Any" name="ANODE" />
    <comppin designator="2" sympin="2" pinswap="0" gateswap="0" gate="1" group="1" side="" type="Any" name="CATHODE" />
    <comppin designator="3" sympin="3" pinswap="0" gateswap="0" gate="1" group="1" side="" type="Any" name="EMITTER" />
    <comppin designator="4" sympin="4" pinswap="0" gateswap="0" gate="1" group="1" side="" type="Any" name="COLLECTOR" />
    <attached_symbol gate="1" name="FODM2705" />
    <pinmap designator="1" footprintpin="1" />
    <pinmap designator="2" footprintpin="2" />
    <pinmap designator="3" footprintpin="3" />
    <pinmap designator="4" footprintpin="4" />
    <text name="Datasheet" originx="0" originy="0" style="Default" rotation="0" justify="" flipped="False" hidden="True" data="https://www.onsemi.com/pdf/datasheet/fodm2705-d.pdf" />
    <text name="Description" originx="0" originy="0" style="Default" rotation="0" justify="" flipped="False" hidden="True" data="Transistor Output Optocouplers AC In Phototransistr Output Optocoupler" />
    <text name="Manufacturer_Name" originx="0" originy="0" style="Default" rotation="0" justify="" flipped="False" hidden="True" data="onsemi" />
    <text name="Manufacturer_Part_Number" originx="1350" originy="200" style="Default" rotation="0" justify="left" flipped="False" hidden="False" data="FODM2705" />
    <text name="Mouser Part Number" originx="0" originy="0" style="Default" rotation="0" justify="" flipped="False" hidden="True" data="512-FODM2705" />
    <text name="Mouser Price/Stock" originx="0" originy="0" style="Default" rotation="0" justify="" flipped="False" hidden="True" data="https://www.mouser.co.uk/ProductDetail/onsemi-Fairchild/FODM2705?qs=w2ACn%2FLS38EYreIlWngSsw%3D%3D" />
    <text name="Arrow Part Number" originx="0" originy="0" style="Default" rotation="0" justify="" flipped="False" hidden="True" data="FODM2705" />
    <text name="Arrow Price/Stock" originx="0" originy="0" style="Default" rotation="0" justify="" flipped="False" hidden="True" data="https://www.arrow.com/en/products/fodm2705/on-semiconductor?region=europe" />
  </component>
</quadcept_library>
