<?xml version="1.0" encoding="utf-8"?>
<!--/348624/1165364/2.50/3/3/TVS Diode (Bi-directional)/-->
<quadcept_library>
  <setting unit="mil" />
  <textstyle name="Default" height="47.244094488189" strokewidth="7.8740157480315" charwidth="47.244094488189" />
  <textstyle name="Dimension" height="19.6850393700787" strokewidth="0" charwidth="19.6850393700787" />
  <textstyle name="H127W0635TH00762" height="50" strokewidth="3" charwidth="25" />
  <textstyle name="H15W15TH02" height="59.0551181102362" strokewidth="7.8740157480315" charwidth="59.0551181102362" />
  <padstyle name="s78" surface="True" plated="False" isvia="False" nopaste="False" nomask="True" complex="False" holesize="0">
    <padshape layer="TOP" shape="square" width="30.708661417322" height="30.708661417322" />
    <padshape layer="TOP_SOLDER_MASK" shape="square" width="38.582677165354" height="38.582677165354" />
    <padshape layer="TOP_SOLDER_PASTE" shape="square" width="30.708661417322" height="30.708661417322" />
  </padstyle>
  <footprint name="SM71202HTG" originx="0" originy="0" pickpointx="0" pickpointy="0">
    <pcbpin number="1" name="1" style="s78" originx="-37.401574803149" originy="-45.07874015748" rotation="90" />
    <pcbpin number="2" name="2" style="s78" originx="37.401574803149" originy="-45.07874015748" rotation="90" />
    <pcbpin number="3" name="3" style="s78" originx="0" originy="45.07874015748" rotation="90" />
    <line layer="TOP_ASSEMBLY" originx="-57.480314960629" originy="25.590551181102" endx="57.480314960629" endy="25.590551181102" width="3.9370078740157" />
    <line layer="TOP_ASSEMBLY" originx="57.480314960629" originy="25.590551181102" endx="57.480314960629" endy="-25.590551181102" width="3.9370078740157" />
    <line layer="TOP_ASSEMBLY" originx="57.480314960629" originy="-25.590551181102" endx="-57.480314960629" endy="-25.590551181102" width="3.9370078740157" />
    <line layer="TOP_ASSEMBLY" originx="-57.480314960629" originy="-25.590551181102" endx="-57.480314960629" endy="25.590551181102" width="3.9370078740157" />
    <line layer="TOP_PLACE_BOUND" originx="-96.850393700786" originy="99.803149606298" endx="96.850393700786" endy="99.803149606298" width="3.9370078740157" />
    <line layer="TOP_PLACE_BOUND" originx="96.850393700786" originy="99.803149606298" endx="96.850393700786" endy="-99.803149606298" width="3.9370078740157" />
    <line layer="TOP_PLACE_BOUND" originx="96.850393700786" originy="-99.803149606298" endx="-96.850393700786" endy="-99.803149606298" width="3.9370078740157" />
    <line layer="TOP_PLACE_BOUND" originx="-96.850393700786" originy="-99.803149606298" endx="-96.850393700786" endy="99.803149606298" width="3.9370078740157" />
    <line layer="TOP_SILKSCREEN" originx="-37.401574803149" originy="-78.740157480314" endx="-37.401574803149" endy="-78.740157480314" width="3.9370078740157" />
    <arc layer="TOP_SILKSCREEN" originx="-37.401574803149" originy="-80.708661417322" startangle="90.0" sweepangle="180.0" radius="1.9685039370079" width="3.9370078740157" />
    <line layer="TOP_SILKSCREEN" originx="-37.401574803149" originy="-82.67716535433" endx="-37.401574803149" endy="-82.67716535433" width="3.9370078740157" />
    <arc layer="TOP_SILKSCREEN" originx="-37.401574803149" originy="-80.708661417322" startangle="-90.0" sweepangle="180.0" radius="1.9685039370079" width="3.9370078740157" />
    <line layer="TOP_SILKSCREEN" originx="-31.496062992126" originy="25.590551181102" endx="-57.480314960629" endy="25.590551181102" width="7.8740157480314" />
    <line layer="TOP_SILKSCREEN" originx="-57.480314960629" originy="25.590551181102" endx="-57.480314960629" endy="-15.748031496063" width="7.8740157480314" />
    <line layer="TOP_SILKSCREEN" originx="31.496062992126" originy="25.590551181102" endx="57.480314960629" endy="25.590551181102" width="7.8740157480314" />
    <line layer="TOP_SILKSCREEN" originx="57.480314960629" originy="25.590551181102" endx="57.480314960629" endy="-15.748031496063" width="7.8740157480314" />
  </footprint>
  <symbol name="SM712-02HTG" originx="0" originy="0">
    <line originx="200" originy="100" endx="600" endy="100" width="0" />
    <line originx="600" originy="-200" endx="600" endy="100" width="0" />
    <line originx="600" originy="-200" endx="200" endy="-200" width="0" />
    <line originx="200" originy="100" endx="200" endy="-200" width="0" />
    <sympin number="1" originx="200" originy="0" rotation="180" length="100" width="7.8740157480315" flipped="False">
      <text name="pinname" originx="230" originy="0" style="Default" rotation="0" justify="left" flipped="False" hidden="False" data="1" />
      <text name="pindes" originx="140" originy="20" style="Default" rotation="0" justify="lowerright" flipped="False" hidden="False" data="1" />
    </sympin>
    <sympin number="2" originx="200" originy="-100" rotation="180" length="100" width="7.8740157480315" flipped="False">
      <text name="pinname" originx="230" originy="-100" style="Default" rotation="0" justify="left" flipped="False" hidden="False" data="2" />
      <text name="pindes" originx="140" originy="-80" style="Default" rotation="0" justify="lowerright" flipped="False" hidden="False" data="2" />
    </sympin>
    <sympin number="3" originx="600" originy="0" rotation="0" length="100" width="7.8740157480315" flipped="False">
      <text name="pinname" originx="570" originy="0" style="Default" rotation="0" justify="right" flipped="False" hidden="False" data="3" />
      <text name="pindes" originx="660" originy="20" style="Default" rotation="0" justify="lowerleft" flipped="False" hidden="False" data="3" />
    </sympin>
  </symbol>
  <component name="SM712-02HTG" designatorprefix="D" height="44.094488188976" footprint="SM71202HTG">
    <comppin designator="1" sympin="1" pinswap="0" gateswap="0" gate="1" group="1" side="" type="Any" name="1" />
    <comppin designator="2" sympin="2" pinswap="0" gateswap="0" gate="1" group="1" side="" type="Any" name="2" />
    <comppin designator="3" sympin="3" pinswap="0" gateswap="0" gate="1" group="1" side="" type="Any" name="3" />
    <attached_symbol gate="1" name="SM712-02HTG" />
    <pinmap designator="1" footprintpin="1" />
    <pinmap designator="2" footprintpin="2" />
    <pinmap designator="3" footprintpin="3" />
    <text name="Datasheet" originx="0" originy="0" style="Default" rotation="0" justify="" flipped="False" hidden="True" data="https://www.littelfuse.com/media?resourcetype=datasheets&amp;itemid=a4019802-ff62-41ff-bf66-295f97422f81&amp;filename=littelfuse-tvs-diode-array-sm712-datasheet" />
    <text name="Description" originx="0" originy="0" style="Default" rotation="0" justify="" flipped="False" hidden="True" data="31V, 19V Clamp 19A (8/20s) Ipp Tvs Diode Surface Mount SOT-23-3" />
    <text name="Manufacturer_Name" originx="0" originy="0" style="Default" rotation="0" justify="" flipped="False" hidden="True" data="LITTELFUSE" />
    <text name="Manufacturer_Part_Number" originx="650" originy="200" style="Default" rotation="0" justify="left" flipped="False" hidden="False" data="SM712-02HTG" />
    <text name="Mouser Part Number" originx="0" originy="0" style="Default" rotation="0" justify="" flipped="False" hidden="True" data="576-SM712-02HTG" />
    <text name="Mouser Price/Stock" originx="0" originy="0" style="Default" rotation="0" justify="" flipped="False" hidden="True" data="https://www.mouser.co.uk/ProductDetail/Littelfuse/SM712-02HTG?qs=aGgfWYEhH7lQgBVBPCUDkw%3D%3D" />
    <text name="Arrow Part Number" originx="0" originy="0" style="Default" rotation="0" justify="" flipped="False" hidden="True" data="SM712-02HTG" />
    <text name="Arrow Price/Stock" originx="0" originy="0" style="Default" rotation="0" justify="" flipped="False" hidden="True" data="https://www.arrow.com/en/products/sm712-02htg/littelfuse?region=europe" />
  </component>
</quadcept_library>
