<?xml version="1.0" encoding="utf-8"?>
<!--/971527/1165364/2.50/2/3/Fuse/-->
<quadcept_library>
  <setting unit="mil" />
  <textstyle name="Default" height="47.244094488189" strokewidth="7.8740157480315" charwidth="47.244094488189" />
  <textstyle name="Dimension" height="19.6850393700787" strokewidth="0" charwidth="19.6850393700787" />
  <textstyle name="H127W0635TH00762" height="50" strokewidth="3" charwidth="25" />
  <textstyle name="H15W15TH02" height="59.0551181102362" strokewidth="7.8740157480315" charwidth="59.0551181102362" />
  <padstyle name="r182_99" surface="True" plated="False" isvia="False" nopaste="False" nomask="True" complex="False" holesize="0">
    <padshape layer="TOP" shape="rectangle" width="38.976377952755" height="71.653543307086" />
    <padshape layer="TOP_SOLDER_MASK" shape="rectangle" width="46.850393700787" height="79.527559055117" />
    <padshape layer="TOP_SOLDER_PASTE" shape="rectangle" width="38.976377952755" height="71.653543307086" />
  </padstyle>
  <footprint name="FUSC3216X68N" originx="0" originy="0" pickpointx="0" pickpointy="0">
    <pcbpin number="1" name="1" style="r182_99" originx="-63.385826771653" originy="0" rotation="0" />
    <pcbpin number="2" name="2" style="r182_99" originx="63.385826771653" originy="0" rotation="0" />
    <line layer="TOP_PLACE_BOUND" originx="-92.71653543307" originy="45.669291338582" endx="92.71653543307" endy="45.669291338582" width="1.9685039370079" />
    <line layer="TOP_PLACE_BOUND" originx="92.71653543307" originy="45.669291338582" endx="92.71653543307" endy="-45.669291338582" width="1.9685039370079" />
    <line layer="TOP_PLACE_BOUND" originx="92.71653543307" originy="-45.669291338582" endx="-92.71653543307" endy="-45.669291338582" width="1.9685039370079" />
    <line layer="TOP_PLACE_BOUND" originx="-92.71653543307" originy="-45.669291338582" endx="-92.71653543307" endy="45.669291338582" width="1.9685039370079" />
    <line layer="TOP_ASSEMBLY" originx="-63.976377952755" originy="32.48031496063" endx="63.976377952755" endy="32.48031496063" width="3.9370078740157" />
    <line layer="TOP_ASSEMBLY" originx="63.976377952755" originy="32.48031496063" endx="63.976377952755" endy="-32.48031496063" width="3.9370078740157" />
    <line layer="TOP_ASSEMBLY" originx="63.976377952755" originy="-32.48031496063" endx="-63.976377952755" endy="-32.48031496063" width="3.9370078740157" />
    <line layer="TOP_ASSEMBLY" originx="-63.976377952755" originy="-32.48031496063" endx="-63.976377952755" endy="32.48031496063" width="3.9370078740157" />
    <line layer="TOP_SILKSCREEN" originx="0" originy="28.543307086614" endx="0" endy="-28.543307086614" width="7.8740157480314" />
  </footprint>
  <symbol name="PTS12066V050" originx="0" originy="0">
    <line originx="200" originy="50" endx="500" endy="50" width="0" />
    <line originx="500" originy="-50" endx="500" endy="50" width="0" />
    <line originx="500" originy="-50" endx="200" endy="-50" width="0" />
    <line originx="200" originy="50" endx="200" endy="-50" width="0" />
    <line originx="200" originy="0" endx="500" endy="0" width="0" />
    <sympin number="1" originx="200" originy="0" rotation="180" length="100" width="7.8740157480315" flipped="False">
      <text name="pinname" originx="0" originy="-10" style="Default" rotation="0" justify="upperleft" flipped="False" hidden="True" data="1" />
      <text name="pindes" originx="0" originy="10" style="Default" rotation="0" justify="lowerleft" flipped="False" hidden="False" data="1" />
    </sympin>
    <sympin number="2" originx="500" originy="0" rotation="0" length="100" width="7.8740157480315" flipped="False">
      <text name="pinname" originx="700" originy="-10" style="Default" rotation="0" justify="upperright" flipped="False" hidden="True" data="2" />
      <text name="pindes" originx="700" originy="10" style="Default" rotation="0" justify="lowerright" flipped="False" hidden="False" data="2" />
    </sympin>
  </symbol>
  <component name="PTS12066V050" designatorprefix="F" height="26.771653543307" footprint="FUSC3216X68N">
    <comppin designator="1" sympin="1" pinswap="0" gateswap="0" gate="1" group="1" side="" type="Any" name="1" />
    <comppin designator="2" sympin="2" pinswap="0" gateswap="0" gate="1" group="1" side="" type="Any" name="2" />
    <attached_symbol gate="1" name="PTS12066V050" />
    <pinmap designator="1" footprintpin="1" />
    <pinmap designator="2" footprintpin="2" />
    <text name="Datasheet" originx="0" originy="0" style="Default" rotation="0" justify="" flipped="False" hidden="True" data="https://datasheet.datasheetarchive.com/originals/distributors/Datasheets_SAMA/e66d371ed70f5642c3d30d44a7b862be.pdf" />
    <text name="Description" originx="0" originy="0" style="Default" rotation="0" justify="" flipped="False" hidden="True" data="EATON BUSSMANN SERIES - PTS12066V050 - PPTC RESETTABLE FUSE, 0.5A, 6VDC, SMD" />
    <text name="RS Part Number" originx="0" originy="0" style="Default" rotation="0" justify="" flipped="False" hidden="True" data="" />
    <text name="RS Price/Stock" originx="0" originy="0" style="Default" rotation="0" justify="" flipped="False" hidden="True" data="" />
    <text name="Manufacturer_Name" originx="0" originy="0" style="Default" rotation="0" justify="" flipped="False" hidden="True" data="Eaton" />
    <text name="Manufacturer_Part_Number" originx="550" originy="150" style="Default" rotation="0" justify="left" flipped="False" hidden="False" data="PTS12066V050" />
  </component>
</quadcept_library>
