<?xml version="1.0" encoding="utf-8"?>
<!--/11553725/1165364/2.50/9/4/Power Supply/-->
<quadcept_library>
  <setting unit="mil" />
  <textstyle name="Default" height="47.244094488189" strokewidth="7.8740157480315" charwidth="47.244094488189" />
  <textstyle name="Dimension" height="19.6850393700787" strokewidth="0" charwidth="19.6850393700787" />
  <textstyle name="H127W0635TH00762" height="50" strokewidth="3" charwidth="25" />
  <textstyle name="H15W15TH02" height="59.0551181102362" strokewidth="7.8740157480315" charwidth="59.0551181102362" />
  <padstyle name="c180_h120" surface="False" plated="True" isvia="False" nopaste="True" nomask="True" complex="False" holesize="47.244094488188">
    <padshape layer="TOP" shape="round" width="70.866141732283" height="70.866141732283" />
    <padshape layer="TOP_SOLDER_MASK" shape="round" width="78.740157480314" height="78.740157480314" />
    <padshape layer="INNER" shape="round" width="70.866141732283" height="70.866141732283" />
    <padshape layer="BOTTOM" shape="round" width="70.866141732283" height="70.866141732283" />
    <padshape layer="BOTTOM_SOLDER_MASK" shape="round" width="78.740157480314" height="78.740157480314" />
  </padstyle>
  <footprint name="TD521D485" originx="0" originy="0" pickpointx="0" pickpointy="0">
    <pcbpin number="1" name="1" style="c180_h120" originx="0" originy="0" rotation="90" />
    <pcbpin number="2" name="2" style="c180_h120" originx="0" originy="99.999999999999" rotation="90" />
    <pcbpin number="3" name="3" style="c180_h120" originx="0" originy="200" rotation="90" />
    <pcbpin number="4" name="4" style="c180_h120" originx="0" originy="300" rotation="90" />
    <pcbpin number="5" name="5" style="c180_h120" originx="0" originy="400" rotation="90" />
    <pcbpin number="6" name="7" style="c180_h120" originx="599.99999999999" originy="300" rotation="90" />
    <pcbpin number="7" name="8" style="c180_h120" originx="599.99999999999" originy="200" rotation="90" />
    <pcbpin number="8" name="9" style="c180_h120" originx="599.99999999999" originy="99.999999999999" rotation="90" />
    <pcbpin number="9" name="10" style="c180_h120" originx="599.99999999999" originy="0" rotation="90" />
    <line layer="TOP_ASSEMBLY" originx="-58.267716535432" originy="491.33858267716" endx="658.26771653542" endy="491.33858267716" width="7.8740157480314" />
    <line layer="TOP_ASSEMBLY" originx="658.26771653542" originy="491.33858267716" endx="658.26771653542" endy="-91.338582677164" width="7.8740157480314" />
    <line layer="TOP_ASSEMBLY" originx="658.26771653542" originy="-91.338582677164" endx="-58.267716535432" endy="-91.338582677164" width="7.8740157480314" />
    <line layer="TOP_ASSEMBLY" originx="-58.267716535432" originy="-91.338582677164" endx="-58.267716535432" endy="491.33858267716" width="7.8740157480314" />
    <line layer="TOP_PLACE_BOUND" originx="-137.00787401575" originy="530.70866141732" endx="697.63779527558" endy="530.70866141732" width="3.9370078740157" />
    <line layer="TOP_PLACE_BOUND" originx="697.63779527558" originy="530.70866141732" endx="697.63779527558" endy="-130.70866141732" width="3.9370078740157" />
    <line layer="TOP_PLACE_BOUND" originx="697.63779527558" originy="-130.70866141732" endx="-137.00787401575" endy="-130.70866141732" width="3.9370078740157" />
    <line layer="TOP_PLACE_BOUND" originx="-137.00787401575" originy="-130.70866141732" endx="-137.00787401575" endy="530.70866141732" width="3.9370078740157" />
    <line layer="TOP_SILKSCREEN" originx="-58.267716535432" originy="-91.338582677164" endx="658.26771653542" endy="-91.338582677164" width="3.9370078740157" />
    <line layer="TOP_SILKSCREEN" originx="658.26771653542" originy="-91.338582677164" endx="658.26771653542" endy="491.33858267716" width="3.9370078740157" />
    <line layer="TOP_SILKSCREEN" originx="658.26771653542" originy="491.33858267716" endx="-58.267716535432" endy="491.33858267716" width="3.9370078740157" />
    <line layer="TOP_SILKSCREEN" originx="-58.267716535432" originy="491.33858267716" endx="-58.267716535432" endy="-91.338582677164" width="3.9370078740157" />
    <line layer="TOP_SILKSCREEN" originx="-93.700787401574" originy="0" endx="-93.700787401574" endy="0" width="7.8740157480314" />
    <arc layer="TOP_SILKSCREEN" originx="-93.700787401574" originy="-3.9370078740157" startangle="90.0" sweepangle="180.0" radius="3.9370078740157" width="7.8740157480314" />
    <line layer="TOP_SILKSCREEN" originx="-93.700787401574" originy="-7.8740157480314" endx="-93.700787401574" endy="-7.8740157480314" width="7.8740157480314" />
    <arc layer="TOP_SILKSCREEN" originx="-93.700787401574" originy="-2.3622047244094" startangle="-90.0" sweepangle="180.0" radius="5.511811023622" width="7.8740157480314" />
  </footprint>
  <symbol name="TD521D485" originx="0" originy="0">
    <line originx="200" originy="100" endx="900" endy="100" width="0" />
    <line originx="900" originy="-500" endx="900" endy="100" width="0" />
    <line originx="900" originy="-500" endx="200" endy="-500" width="0" />
    <line originx="200" originy="100" endx="200" endy="-500" width="0" />
    <sympin number="1" originx="200" originy="-400" rotation="180" length="100" width="7.8740157480315" flipped="False">
      <text name="pinname" originx="230" originy="-400" style="Default" rotation="0" justify="left" flipped="False" hidden="False" data="VCC" />
      <text name="pindes" originx="140" originy="-380" style="Default" rotation="0" justify="lowerright" flipped="False" hidden="False" data="1" />
    </sympin>
    <sympin number="2" originx="200" originy="-300" rotation="180" length="100" width="7.8740157480315" flipped="False">
      <text name="pinname" originx="230" originy="-300" style="Default" rotation="0" justify="left" flipped="False" hidden="False" data="GND" />
      <text name="pindes" originx="140" originy="-280" style="Default" rotation="0" justify="lowerright" flipped="False" hidden="False" data="2" />
    </sympin>
    <sympin number="3" originx="200" originy="-200" rotation="180" length="100" width="7.8740157480315" flipped="False">
      <text name="pinname" originx="230" originy="-200" style="Default" rotation="0" justify="left" flipped="False" hidden="False" data="TXD" />
      <text name="pindes" originx="140" originy="-180" style="Default" rotation="0" justify="lowerright" flipped="False" hidden="False" data="3" />
    </sympin>
    <sympin number="4" originx="200" originy="-100" rotation="180" length="100" width="7.8740157480315" flipped="False">
      <text name="pinname" originx="230" originy="-100" style="Default" rotation="0" justify="left" flipped="False" hidden="False" data="RXD" />
      <text name="pindes" originx="140" originy="-80" style="Default" rotation="0" justify="lowerright" flipped="False" hidden="False" data="4" />
    </sympin>
    <sympin number="5" originx="200" originy="0" rotation="180" length="100" width="7.8740157480315" flipped="False">
      <text name="pinname" originx="230" originy="0" style="Default" rotation="0" justify="left" flipped="False" hidden="False" data="CON" />
      <text name="pindes" originx="140" originy="20" style="Default" rotation="0" justify="lowerright" flipped="False" hidden="False" data="5" />
    </sympin>
    <sympin number="7" originx="900" originy="0" rotation="0" length="100" width="7.8740157480315" flipped="False">
      <text name="pinname" originx="870" originy="0" style="Default" rotation="0" justify="right" flipped="False" hidden="False" data="VO" />
      <text name="pindes" originx="960" originy="20" style="Default" rotation="0" justify="lowerleft" flipped="False" hidden="False" data="7" />
    </sympin>
    <sympin number="8" originx="900" originy="-100" rotation="0" length="100" width="7.8740157480315" flipped="False">
      <text name="pinname" originx="870" originy="-100" style="Default" rotation="0" justify="right" flipped="False" hidden="False" data="B" />
      <text name="pindes" originx="960" originy="-80" style="Default" rotation="0" justify="lowerleft" flipped="False" hidden="False" data="8" />
    </sympin>
    <sympin number="9" originx="900" originy="-200" rotation="0" length="100" width="7.8740157480315" flipped="False">
      <text name="pinname" originx="870" originy="-200" style="Default" rotation="0" justify="right" flipped="False" hidden="False" data="A" />
      <text name="pindes" originx="960" originy="-180" style="Default" rotation="0" justify="lowerleft" flipped="False" hidden="False" data="9" />
    </sympin>
    <sympin number="10" originx="900" originy="-300" rotation="0" length="100" width="7.8740157480315" flipped="False">
      <text name="pinname" originx="870" originy="-300" style="Default" rotation="0" justify="right" flipped="False" hidden="False" data="RGND" />
      <text name="pindes" originx="960" originy="-280" style="Default" rotation="0" justify="lowerleft" flipped="False" hidden="False" data="10" />
    </sympin>
  </symbol>
  <component name="TD521D485" designatorprefix="PS" height="318.89763779527" footprint="TD521D485">
    <comppin designator="1" sympin="1" pinswap="0" gateswap="0" gate="1" group="1" side="" type="Any" name="VCC" />
    <comppin designator="2" sympin="2" pinswap="0" gateswap="0" gate="1" group="1" side="" type="Any" name="GND" />
    <comppin designator="3" sympin="3" pinswap="0" gateswap="0" gate="1" group="1" side="" type="Any" name="TXD" />
    <comppin designator="4" sympin="4" pinswap="0" gateswap="0" gate="1" group="1" side="" type="Any" name="RXD" />
    <comppin designator="5" sympin="5" pinswap="0" gateswap="0" gate="1" group="1" side="" type="Any" name="CON" />
    <comppin designator="7" sympin="7" pinswap="0" gateswap="0" gate="1" group="1" side="" type="Any" name="VO" />
    <comppin designator="8" sympin="8" pinswap="0" gateswap="0" gate="1" group="1" side="" type="Any" name="B" />
    <comppin designator="9" sympin="9" pinswap="0" gateswap="0" gate="1" group="1" side="" type="Any" name="A" />
    <comppin designator="10" sympin="10" pinswap="0" gateswap="0" gate="1" group="1" side="" type="Any" name="RGND" />
    <attached_symbol gate="1" name="TD521D485" />
    <pinmap designator="1" footprintpin="1" />
    <pinmap designator="2" footprintpin="2" />
    <pinmap designator="3" footprintpin="3" />
    <pinmap designator="4" footprintpin="4" />
    <pinmap designator="5" footprintpin="5" />
    <pinmap designator="7" footprintpin="6" />
    <pinmap designator="8" footprintpin="7" />
    <pinmap designator="9" footprintpin="8" />
    <pinmap designator="10" footprintpin="9" />
    <text name="Datasheet" originx="0" originy="0" style="Default" rotation="0" justify="" flipped="False" hidden="True" data="" />
    <text name="Description" originx="0" originy="0" style="Default" rotation="0" justify="" flipped="False" hidden="True" data="Interface Circuit" />
    <text name="Manufacturer_Name" originx="0" originy="0" style="Default" rotation="0" justify="" flipped="False" hidden="True" data="Mornsun Power" />
    <text name="Manufacturer_Part_Number" originx="950" originy="200" style="Default" rotation="0" justify="left" flipped="False" hidden="False" data="TD521D485" />
    <text name="Mouser Part Number" originx="0" originy="0" style="Default" rotation="0" justify="" flipped="False" hidden="True" data="" />
    <text name="Mouser Price/Stock" originx="0" originy="0" style="Default" rotation="0" justify="" flipped="False" hidden="True" data="" />
    <text name="Arrow Part Number" originx="0" originy="0" style="Default" rotation="0" justify="" flipped="False" hidden="True" data="" />
    <text name="Arrow Price/Stock" originx="0" originy="0" style="Default" rotation="0" justify="" flipped="False" hidden="True" data="" />
  </component>
</quadcept_library>
