<?xml version="1.0" encoding="utf-8"?>
<!--/17977492/1165364/2.50/2/3/Varistor/-->
<quadcept_library>
  <setting unit="mil" />
  <textstyle name="Default" height="47.244094488189" strokewidth="7.8740157480315" charwidth="47.244094488189" />
  <textstyle name="Dimension" height="19.6850393700787" strokewidth="0" charwidth="19.6850393700787" />
  <textstyle name="H127W0635TH00762" height="50" strokewidth="3" charwidth="25" />
  <textstyle name="H15W15TH02" height="59.0551181102362" strokewidth="7.8740157480315" charwidth="59.0551181102362" />
  <padstyle name="s150_h100" surface="False" plated="True" isvia="False" nopaste="True" nomask="True" complex="False" holesize="39.370078740157">
    <padshape layer="TOP" shape="square" width="59.055118110235" height="59.055118110235" />
    <padshape layer="TOP_SOLDER_MASK" shape="square" width="66.929133858267" height="66.929133858267" />
    <padshape layer="INNER" shape="square" width="59.055118110235" height="59.055118110235" />
    <padshape layer="BOTTOM" shape="square" width="59.055118110235" height="59.055118110235" />
    <padshape layer="BOTTOM_SOLDER_MASK" shape="square" width="66.929133858267" height="66.929133858267" />
  </padstyle>
  <padstyle name="c150_h100" surface="False" plated="True" isvia="False" nopaste="True" nomask="True" complex="False" holesize="39.370078740157">
    <padshape layer="TOP" shape="round" width="59.055118110235" height="59.055118110235" />
    <padshape layer="TOP_SOLDER_MASK" shape="round" width="66.929133858267" height="66.929133858267" />
    <padshape layer="INNER" shape="round" width="59.055118110235" height="59.055118110235" />
    <padshape layer="BOTTOM" shape="round" width="59.055118110235" height="59.055118110235" />
    <padshape layer="BOTTOM_SOLDER_MASK" shape="round" width="66.929133858267" height="66.929133858267" />
  </padstyle>
  <footprint name="MOVTP20V275N" originx="0" originy="0" pickpointx="0" pickpointy="0">
    <pcbpin number="1" name="1" style="s150_h100" originx="0" originy="0" rotation="90" />
    <pcbpin number="2" name="2" style="c150_h100" originx="295.27559055118" originy="0" rotation="90" />
    <line layer="TOP_ASSEMBLY" originx="-275.5905511811" originy="208.66141732283" endx="570.86614173228" endy="208.66141732283" width="3.9370078740157" />
    <line layer="TOP_ASSEMBLY" originx="570.86614173228" originy="208.66141732283" endx="570.86614173228" endy="-208.66141732283" width="3.9370078740157" />
    <line layer="TOP_ASSEMBLY" originx="570.86614173228" originy="-208.66141732283" endx="-275.5905511811" endy="-208.66141732283" width="3.9370078740157" />
    <line layer="TOP_ASSEMBLY" originx="-275.5905511811" originy="-208.66141732283" endx="-275.5905511811" endy="208.66141732283" width="3.9370078740157" />
    <line layer="TOP_SILKSCREEN" originx="-275.5905511811" originy="208.66141732283" endx="570.86614173228" endy="208.66141732283" width="7.8740157480314" />
    <line layer="TOP_SILKSCREEN" originx="570.86614173228" originy="208.66141732283" endx="570.86614173228" endy="-208.66141732283" width="7.8740157480314" />
    <line layer="TOP_SILKSCREEN" originx="570.86614173228" originy="-208.66141732283" endx="-275.5905511811" endy="-208.66141732283" width="7.8740157480314" />
    <line layer="TOP_SILKSCREEN" originx="-275.5905511811" originy="-208.66141732283" endx="-275.5905511811" endy="208.66141732283" width="7.8740157480314" />
    <line layer="TOP_PLACE_BOUND" originx="-314.96062992126" originy="248.03149606299" endx="610.23622047243" endy="248.03149606299" width="3.9370078740157" />
    <line layer="TOP_PLACE_BOUND" originx="610.23622047243" originy="248.03149606299" endx="610.23622047243" endy="-248.03149606299" width="3.9370078740157" />
    <line layer="TOP_PLACE_BOUND" originx="610.23622047243" originy="-248.03149606299" endx="-314.96062992126" endy="-248.03149606299" width="3.9370078740157" />
    <line layer="TOP_PLACE_BOUND" originx="-314.96062992126" originy="-248.03149606299" endx="-314.96062992126" endy="248.03149606299" width="3.9370078740157" />
    <line layer="TOP_SILKSCREEN" originx="-293.30708661417" originy="0" endx="-293.30708661417" endy="0" width="3.9370078740157" />
    <arc layer="TOP_SILKSCREEN" originx="-295.27559055118" originy="0" startangle=".0" sweepangle="180.0" radius="1.9685039370079" width="3.9370078740157" />
    <line layer="TOP_SILKSCREEN" originx="-297.24409448819" originy="0" endx="-297.24409448819" endy="0" width="3.9370078740157" />
    <arc layer="TOP_SILKSCREEN" originx="-295.27559055118" originy="0" startangle="-180.0" sweepangle="180.0" radius="1.9685039370079" width="3.9370078740157" />
  </footprint>
  <symbol name="MOVTP20V275N" originx="0" originy="0">
    <line originx="200" originy="50" endx="500" endy="50" width="0" />
    <line originx="500" originy="-50" endx="500" endy="50" width="0" />
    <line originx="500" originy="-50" endx="200" endy="-50" width="0" />
    <line originx="200" originy="50" endx="200" endy="-50" width="0" />
    <line originx="150" originy="-100" endx="250" endy="-100" width="0" />
    <line originx="450" originy="100" endx="250" endy="-100" width="0" />
    <line originx="450" originy="100" endx="550" endy="100" width="0" />
    <sympin number="1" originx="200" originy="0" rotation="180" length="100" width="7.8740157480315" flipped="False">
      <text name="pinname" originx="0" originy="-10" style="Default" rotation="0" justify="upperleft" flipped="False" hidden="True" data="1" />
      <text name="pindes" originx="0" originy="10" style="Default" rotation="0" justify="lowerleft" flipped="False" hidden="False" data="1" />
    </sympin>
    <sympin number="2" originx="500" originy="0" rotation="0" length="100" width="7.8740157480315" flipped="False">
      <text name="pinname" originx="700" originy="-10" style="Default" rotation="0" justify="upperright" flipped="False" hidden="True" data="2" />
      <text name="pindes" originx="700" originy="10" style="Default" rotation="0" justify="lowerright" flipped="False" hidden="False" data="2" />
    </sympin>
  </symbol>
  <component name="MOVTP20V275N" designatorprefix="RV" height="1240.1574803149" footprint="MOVTP20V275N">
    <comppin designator="1" sympin="1" pinswap="0" gateswap="0" gate="1" group="1" side="" type="Any" name="1" />
    <comppin designator="2" sympin="2" pinswap="0" gateswap="0" gate="1" group="1" side="" type="Any" name="2" />
    <attached_symbol gate="1" name="MOVTP20V275N" />
    <pinmap designator="1" footprintpin="1" />
    <pinmap designator="2" footprintpin="2" />
    <text name="Datasheet" originx="0" originy="0" style="Default" rotation="0" justify="" flipped="False" hidden="True" data="https://www.eaton.com/content/dam/eaton/products/electronic-components/resources/data-sheet/eaton-movtp-metal-oxide-varistor-thermal-protected-data-sheet-elx1079-en.pdf" />
    <text name="Description" originx="0" originy="0" style="Default" rotation="0" justify="" flipped="False" hidden="True" data="430 V 10 kA Varistor 1 Circuit Through Hole Disc 20mm" />
    <text name="Manufacturer_Name" originx="0" originy="0" style="Default" rotation="0" justify="" flipped="False" hidden="True" data="Eaton" />
    <text name="Manufacturer_Part_Number" originx="550" originy="150" style="Default" rotation="0" justify="left" flipped="False" hidden="False" data="MOVTP20V275N" />
    <text name="Mouser Part Number" originx="0" originy="0" style="Default" rotation="0" justify="" flipped="False" hidden="True" data="" />
    <text name="Mouser Price/Stock" originx="0" originy="0" style="Default" rotation="0" justify="" flipped="False" hidden="True" data="" />
    <text name="Arrow Part Number" originx="0" originy="0" style="Default" rotation="0" justify="" flipped="False" hidden="True" data="" />
    <text name="Arrow Price/Stock" originx="0" originy="0" style="Default" rotation="0" justify="" flipped="False" hidden="True" data="" />
  </component>
</quadcept_library>
